month,commits
2019-08,15
2019-09,0
2019-10,0
2019-11,0
2019-12,30
2020-01,0
2020-02,0
2020-03,0
2020-04,0
2020-05,0
2020-06,0
2020-07,0
2020-08,20
2020-09,0
2020-10,0
2020-11,9
2020-12,0
2021-01,0
2021-02,0
2021-03,2
2021-04,0
2021-05,7
2021-06,0
2021-07,6
2021-08,0
2021-09,1
2021-10,67
2021-11,12
2021-12,24
2022-01,2
2022-02,31
2022-03,21
2022-04,24
2022-05,0
2022-06,34
2022-07,99
2022-08,8
2022-09,5
2022-10,32
2022-11,28
2022-12,44
2023-01,49
2023-02,140
2023-03,134
2023-04,118
2023-05,48
2023-06,90
2023-07,99
2023-08,26
2023-09,10
2023-10,35
2023-11,40
2023-12,72
2024-01,83
2024-02,14
2024-03,26
2024-04,41
2024-05,81
2024-06,220
2024-07,239
2024-08,35
2024-09,66
2024-10,1
2024-11,91
2024-12,70
2025-01,50
2025-02,94
2025-03,134
2025-04,65
2025-05,52
2025-06,15
2025-07,61
2025-08,61
2025-09,42
2025-10,57
2025-11,41
2025-12,27
2026-01,57
2026-02,125
2026-03,32
2026-04,69
2026-05,72
2026-06,76
2026-07,540
2026-08,452
2026-09,82
